<!-- [ Mirror metadata ] generatedAt: 1434752484882 -->
<!-- Generated screen file. Fill the id tags below with content with
which to populate your previewed layout. For a complete specification
of sample data, please see http://jimulabs.com/sample-data-specifications/ 

Valid attributes on <screen> tag: theme="@style/someTheme" inEditMode="false" overlay="@drawable/mockup" -->
<screen>
    <_content layout="@layout/activity_location">
        <!-- TextView Examples:
        <textView7 text="@string/string_resource" />
        <textView7 text="Text literal" textSize="14sp" /> -->
        <textView7 />
        <textView8 />
        <textView9 />
        <textView10 />
        <textView22 />
    </_content>
</screen>
