<!-- [ Mirror metadata ] generatedAt: 1434752484887 -->
<!-- Generated screen file. Fill the id tags below with content with
which to populate your previewed layout. For a complete specification
of sample data, please see http://jimulabs.com/sample-data-specifications/ 

Valid attributes on <screen> tag: theme="@style/someTheme" inEditMode="false" overlay="@drawable/mockup" -->
<screen>
    <_content layout="@layout/activity_new_event">
        <!-- TextView Examples:
        <textView59 text="@string/string_resource" />
        <textView59 text="Text literal" textSize="14sp" /> -->
        <textView59 />
        <textView32 />
        <textView58 />
        <spinner>
            <items layout="@android:layout/simple_spinner_item" >
                <_item>
                    <text1>Vancouver</text1>
                </_item>
                <_item>
                    <text1>Cairo</text1>
                </_item>
                <_item>
                    <text1>New York</text1>
                </_item>
                <_item>
                    <text1>San Francisco</text1>
                </_item>
                <_item>
                    <text1>Seattle</text1>
                </_item>
                <_item>
                    <text1>Hong Kong</text1>
                </_item>
                <_item>
                    <text1>Tokyo</text1>
                </_item>
            </items>
                </spinner>
        <!-- ImageView Examples:
        <imageView21 src="@drawable/image_resource" />
        <imageView21 src="relative_path/image.jpg" /> -->
        <imageView21 />
    </_content>
</screen>
