<!-- [ Mirror metadata ] generatedAt: 1434752484876 -->
<!-- Generated screen file. Fill the id tags below with content with
which to populate your previewed layout. For a complete specification
of sample data, please see http://jimulabs.com/sample-data-specifications/ 

Valid attributes on <screen> tag: theme="@style/someTheme" inEditMode="false" overlay="@drawable/mockup" -->
<screen>
    <_content layout="@layout/activity_detail4_picture">
        <!-- ImageView Examples:
        <imageView13 src="@drawable/image_resource" />
        <imageView13 src="relative_path/image.jpg" /> -->
        <imageView13 />
        <!-- TextView Examples:
        <textView36 text="@string/string_resource" />
        <textView36 text="Text literal" textSize="14sp" /> -->
        <textView36 />
        <textView37 />
    </_content>
</screen>
