<!-- [ Mirror metadata ] generatedAt: 1434752484873 -->
<!-- Generated screen file. Fill the id tags below with content with
which to populate your previewed layout. For a complete specification
of sample data, please see http://jimulabs.com/sample-data-specifications/ 

Valid attributes on <screen> tag: theme="@style/someTheme" inEditMode="false" overlay="@drawable/mockup" -->
<screen>
    <_content layout="@layout/day_view">
        <today_frame>
            <!-- Replace this FrameLayout with a fragment like so:
            <_content layout="@layout/my_fragment_layout">
                <my_text_view>TextView in fragment</my_text_view>
            </_content>
            -->
        </today_frame>
        <!-- TextView Examples:
        <textView1 text="@string/string_resource" />
        <textView1 text="Text literal" textSize="14sp" /> -->
        <textView1 />
        <!-- ImageView Examples:
        <imageView1 src="@drawable/image_resource" />
        <imageView1 src="relative_path/image.jpg" /> -->
        <imageView1 />
        <imageView4 />
        <imageView5 />
        <imageView6 />
        <imageView2 />
        <imageView3 />
    </_content>
</screen>
