<!-- [ Mirror metadata ] generatedAt: 1434752484901 -->
<!-- Generated screen file. Fill the id tags below with content with
which to populate your previewed layout. For a complete specification
of sample data, please see http://jimulabs.com/sample-data-specifications/ 

Valid attributes on <screen> tag: theme="@style/someTheme" inEditMode="false" overlay="@drawable/mockup" -->
<screen>
    <_content layout="@layout/event_item">
        <!-- TextView Examples:
        <username text="@string/string_resource" />
        <username text="Text literal" textSize="14sp" /> -->
        <username />
        <textView31 />
        <hubName />
        <date />
        <titleEventMain />
        <locationEventMain />
        <dateEventMain />
        <textView40 />
        <textView43 />
    </_content>
</screen>
