<!-- [ Mirror metadata ] generatedAt: 1434752484869 -->
<!-- Generated screen file. Fill the id tags below with content with
which to populate your previewed layout. For a complete specification
of sample data, please see http://jimulabs.com/sample-data-specifications/ 

Valid attributes on <screen> tag: theme="@style/someTheme" inEditMode="false" overlay="@drawable/mockup" -->
<screen>
    <_content layout="@layout/material_image_with_buttons_card">
        <!-- ImageView Examples:
        <imageView src="@drawable/image_resource" />
        <imageView src="relative_path/image.jpg" /> -->
        <imageView />
        <!-- TextView Examples:
        <titleTextView text="@string/string_resource" />
        <titleTextView text="Text literal" textSize="14sp" /> -->
        <titleTextView />
        <descriptionTextView />
        <left_text_button />
        <right_text_button />
    </_content>
</screen>
